,Group
ERR011089,1
ERR011090,1
ERR011091,1
ERR011092,1
ERR011093,1
ERR011094,1
ERR011101,1
ERR011102,1
ERR011103,1
ERR011104,1
ERR011109,1
ERR011110,1
ERR011111,1
ERR011114,1
ERR011115,1
ERR011116,1
ERR011117,1
ERR011118,1
ERR011119,1
ERR011120,1
ERR011121,1
ERR011122,1
ERR011123,1
ERR011126,1
ERR011127,1
ERR011128,1
ERR011131,1
ERR011132,1
ERR011133,1
ERR011140,1
ERR4682452,1
ERR4682453,1
ERR4682454,1
ERR4682455,1
ERR4682456,1
ERR4682459,1
ERR4682461,1
ERR4682462,1
ERR4682463,1
ERR4682464,1
ERR4682466,1
ERR4682467,1
ERR4682773,1
ERR4682774,1
ERR4682775,1
ERR4682778,1
ERR4682780,1
ERR4682781,1
ERR4682782,1
ERR4682783,1
ERR4682785,1
ERR4682788,1
ERR4682789,1
ERR4682790,1
ERR4682791,1
ERR4682792,1
ERR4682793,1
ERR4682794,1
ERR4682797,1
ERR4682798,1
SRR8942237,1
SRR8942238,1
SRR8942239,1
SRR8942240,1
SRR8942241,1
SRR8942242,1
SRR8942243,1
SRR8942244,1
SRR8942245,1
SRR8942246,1
SRR8942247,1
SRR8942248,1
SRR8942249,1
SRR8942250,1
SRR8942251,1
SRR8942253,1
SRR8942254,1
SRR8942255,1
SRR8942256,1
SRR8942257,1
SRR8942258,1
SRR8942259,1
SRR8942260,1
SRR8942261,1
SRR8942262,1
SRR8942263,1
SRR8942264,1
SRR8942265,1
SRR8942266,1
SRR8942298,1
SRR8942301,1
SRR8942302,1
SRR8942303,1
SRR8942304,1
SRR8942307,1
SRR8942308,1
SRR14120361,1
SRR14120362,1
SRR14120363,1
SRR14120364,1
SRR14120365,1
SRR14120366,1
SRR14120367,1
SRR14120368,1
SRR14120369,1
SRR12113387,0
SRR12113388,0
SRR12113389,0
SRR12113391,0
SRR12113392,0
SRR12113393,0
SRR12113394,0
SRR12113395,0
SRR12113396,0
SRR7343998,1
SRR7343999,1
SRR7344000,1
SRR7344001,1
SRR7344002,1
SRR7344003,1
SRR8670866,1
SRR8670867,1
SRR8670868,1
SRR8670869,1
SRR8670870,1
SRR8670871,1
SRR8670872,1
SRR8670873,1
SRR8670874,1
SRR8670875,1
SRR15237466,1
SRR15237465,1
SRR15237464,1
SRR15237463,1
SRR15237462,1
SRR15237461,1
SRR15237458,1
SRR15237457,1
SRR15237456,1
SRR15237455,1
SRR15237454,1
SRR15237453,1
SRR15237452,1
SRR15237451,1
SRR15237450,1
SRR15237449,1
SRR15237448,1
SRR15237447,1
SRR15237446,1
SRR15237445,1
SRR15237444,1
SRR15237443,1
SRR13225485,1
SRR13225484,1
SRR13225483,1
SRR13225482,1
SRR13225481,1
SRR13225480,1
SRR13225479,1
SRR13225478,1
SRR13225477,1
SRR13225476,1
SRR13225475,1
SRR13225474,1
SRR13225473,1
SRR13225472,1
SRR13225471,1
SRR13225470,1
SRR13225469,1
SRR13225468,1
SRR13225467,1
SRR13225466,1
SRR13225465,1
SRR13225464,1
SRR13225463,1
SRR13225462,1
SRR13225461,1
SRR13225460,1
SRR13225459,1
SRR13225458,1
SRR13225457,1
SRR13225456,1
SRR13225455,1
SRR13225454,1
SRR13225453,1
SRR13225452,1
SRR13225451,1
SRR13225450,1
SRR13225449,1
SRR13225448,1
SRR13225447,1
SRR10571256,1
SRR10571255,1
SRR10571254,1
SRR10571253,1
SRR10571252,1
SRR10571251,1
SRR10571250,1
SRR10571249,1
SRR10571248,1
SRR10571246,1
SRR10571245,1
SRR10571244,1
SRR10571243,1
SRR10571242,1
SRR10571241,1
SRR10571240,1
SRR10571239,1
SRR10571238,1
SRR10571237,1
SRR10571214,1
SRR10571213,1
SRR10571212,1
SRR10571211,1
SRR10571210,1
SRR10571209,1
SRR10571208,1
SRR10571207,1
SRR10571206,1
SRR10571205,1
SRR10132701,1
SRR10132699,1
SRR10132698,1
SRR10132697,1
SRR10132696,1
SRR10132695,1
SRR10132694,1
SRR10132693,1
SRR10132692,1
SRR10132691,1
SRR10132690,1
SRR10132688,1
SRR10132687,1
SRR10132686,1
SRR10132685,1
SRR10132684,1
SRR10132683,1
SRR10132682,1
SRR10132681,1
SRR10132680,1
SRR10132679,1
SRR10132677,1
SRR10132676,1
SRR10132675,1
SRR10132674,1
SRR10132673,1
SRR10132672,1
SRR10132671,1
SRR10132670,1
SRR10132669,1
SRR10132668,1
SRR10132666,1
SRR10132665,1
SRR10132664,1
SRR10132663,1
SRR10132662,1
SRR10132661,1
SRR10132660,1
SRR10132659,1
SRR10132658,1
SRR10132657,1
SRR10132655,1
SRR10132654,1
SRR10132653,1
SRR10132652,1
SRR10132651,1
SRR10132650,1
SRR10132649,1
SRR10132648,1
SRR10132647,1
SRR10132646,1
SRR10132644,1
SRR10132643,1
SRR10132642,1
SRR10132641,1
SRR10132640,1
SRR10132639,1
SRR10132638,1
SRR10132637,1
SRR10132636,1
SRR10132635,1
SRR10132632,1
SRR10132631,1
SRR10132630,1
SRR10132629,1
SRR10132628,1
SRR10132627,1
SRR10132626,1
SRR10132625,1
SRR10132624,1
SRR10132623,1
SRR10132621,1
SRR10132620,1
SRR10132619,1
SRR10132618,1
SRR10132617,1
SRR10132616,1
ERR011141,1
ERR011142,1
ERR011143,1
ERR011148,1
ERR011150,1
ERR011152,1
ERR011153,1
ERR011156,1
ERR011158,1
ERR011160,1
ERR011162,1
ERR011164,1
ERR011165,1
ERR011166,1
ERR011167,1
ERR011168,1
ERR011169,1
ERR011170,1
ERR011171,1
ERR011172,1
ERR011173,1
ERR011174,1
ERR011175,1
ERR011176,1
ERR011177,1
ERR011178,1
ERR011179,1
ERR011180,1
ERR011181,1
ERR011182,1
ERR011183,1
ERR011184,1
ERR011185,1
ERR011186,1
ERR011187,1
ERR011188,1
ERR011189,1
ERR011190,1
ERR011191,1
ERR011192,1
ERR011193,1
ERR011194,1
ERR011195,1
ERR011196,1
ERR011197,1
ERR011198,1
ERR011199,1
ERR011200,1
ERR011201,1
ERR011202,1
ERR011203,1
ERR011204,1
ERR011205,1
ERR011206,1
ERR011207,1
ERR011208,1
ERR011209,1
ERR011210,1
ERR011211,1
ERR011212,1
ERR011213,1
ERR011214,1
ERR011215,1
ERR011216,1
ERR011217,1
ERR011218,1
ERR011219,1
ERR011220,1
ERR011221,1
ERR011222,1
ERR011223,1
ERR011224,1
ERR011225,1
ERR011226,1
ERR011227,1
ERR011228,1
ERR011229,1
ERR011230,1
ERR011231,1
ERR011232,1
ERR011233,1
ERR011234,1
ERR011235,1
ERR011236,1
ERR011237,1
ERR011238,1
ERR011239,1
ERR011240,1
ERR011241,1
ERR011242,1
ERR011243,1
ERR011244,1
ERR011245,1
ERR011246,1
ERR011247,1
ERR4682857,1
ERR4682347,1
ERR4682900,1
ERR4682866,1
ERR4682349,1
ERR4682345,1
ERR4682804,1
ERR4682335,1
ERR4682358,1
ERR4682359,1
ERR4682355,1
ERR4682353,1
ERR4682334,1
ERR4682339,1
ERR4682836,1
ERR4682805,1
ERR4682427,1
ERR4682839,1
ERR4682346,1
ERR4682354,1
ERR4682835,1
ERR4682401,1
ERR4682397,1
ERR4682409,1
ERR4682820,1
ERR4682343,1
ERR4682801,1
ERR3562852,1
ERR4682832,1
ERR4682387,1
ERR4682851,1
ERR4682411,1
ERR4682407,1
ERR4682421,1
ERR4682418,1
ERR4682352,1
ERR4682869,1
ERR4682825,1
ERR4682852,1
ERR4682389,1
ERR3562861,1
ERR4682399,1
ERR4682875,1
ERR4682356,1
ERR4682840,1
ERR4682847,1
ERR4682386,1
ERR4682833,1
ERR4682378,1
ERR3562837,1
ERR4682420,1
ERR4682432,1
ERR4682819,1
ERR4682429,1
ERR4682362,1
ERR4682372,1
ERR4682895,1
ERR4682867,1
ERR4682844,1
ERR4682373,1
ERR4682812,1
ERR4682426,1
ERR4682366,1
ERR4682430,1
ERR4682408,1
ERR4682388,1
ERR4682850,1
ERR4682374,1
ERR3562866,1
ERR4682811,1
ERR4682404,1
ERR4682896,1
ERR4682874,1
ERR4682849,1
ERR4682344,1
ERR4682414,1
ERR4682818,1
ERR4682391,1
ERR4682406,1
ERR4682423,1
ERR4682845,1
ERR4682380,1
ERR3562849,1
ERR4682415,1
ERR4682443,1
ERR3562867,1
ERR4682428,1
ERR4682422,1
ERR4682361,1
ERR4682431,1
ERR4682417,1
ERR4682450,1
ERR4682826,1
ERR4682897,1
ERR3562865,1
ERR4682889,1
ERR3562870,1
ERR3562869,1
ERR3562850,1
ERR3562853,1
ERR3562868,1
ERR3562864,1
ERR4682398,1
ERR3562836,1
ERR3562863,1
ERR3562854,1
ERR3562862,1
ERR3562843,1
ERR3562851,1
ERR3562848,1
ERR3562846,1
ERR3562847,1
ERR3562845,1
ERR3562844,1
ERR3562839,1
ERR3562838,1
ERR3562860,1
ERR3562842,1
ERR3562876,1
ERR3562891,1
ERR3562888,1
ERR3562875,1
ERR3562895,1
ERR3562856,1
ERR3562857,1
ERR3562874,1
ERR3562859,1
ERR3562873,1
ERR3562893,1
ERR3562855,1
ERR3562841,1
ERR3562872,1
ERR3562871,1
ERR3562897,1
ERR3562840,1
ERR3562885,1
ERR3562882,1
ERR3562858,1
